# Asset manifest: every non-code byte range of the ROM, read by tools/assets.py.
# Columns: start end type path [options]. Addresses are ROM addresses; end is exclusive.
# Boundaries and formats follow wiki/rom/rom-map.md; types are described in tools/assets.py.
# Changing a range or type: run `tools/dr python3 tools/assets.py check`, then `gen-data`, then `make setup`.

# Cartridge header after the entry branch (Nintendo logo, title, codes); used by asm/crt0.s.
08000004 080000C0 bin         header

# .rodata 1: string literals and small tables (see wiki/game/text-system.md).
08080A20 08087FB4 bin         rodata/strings_and_tables

# Sound data (wiki/game/sound-engine.md).
08087FD0 08088510 bin         sound/se_table
08088510 08088A20 bin         sound/se_tracks
08088A20 08088A90 bin         sound/pcm_bank1_table
08088A90 080E09D0 bin         sound/pcm_bank1_samples
080E09D0 080E0F40 bin         sound/song_table
080E0F40 0811B420 bin         sound/song_tracks
0811B420 0811B4B0 bin         sound/pcm_bank0_table
0811B4B0 08139550 bin         sound/pcm_bank0_samples
08139550 08139F50 bin         sound/wave_ram_patterns
08139F50 08139F5C bin         sound/unk_08139F50

# Game tables and dialogue.
08139F5C 08139F64 bin         tables/dialogue_box_pointers
08139F64 0813ADD4 duelists    text/duelists.json
0813ADD4 0813ADF4 bin         tables/dialogue_box_steps
0813ADF4 0819739C dialogue    text/dialogue.json
0819739C 081976A0 bin         text/dialogue_end
081976A0 0819790C bin         gfx/scene_sets
0819790C 0819A9D4 bin         tables/scene_scripts_and_lists
0819A9D4 0819D1C4 bin         tables/card_effect_handlers
0819D1C4 0819D34C bin         tables/pointer_tables
0819D34C 0819DD64 bin         tables/deck_lists
0819DD64 081A7A0C bin         tables/rodata2
081A7A0C 081ABC4C bin         sound/lookup_tables
081ABC4C 081ABE4C bin         tables/sine
081ABE4C 081C0000 zero        padding_081ABE4C

# Fonts (wiki/data/font.md).
# Kanji sheets have one Shift-JIS lead byte per row (192 glyphs); Latin sheets are in Windows-1252 order.
081C0000 081D0200 font1bpp    fonts/kanji_8x8.png        h=8 bits=8 cols=192
081D0200 081F8700 font1bpp    fonts/kanji_10x10.png      h=10 bits=16 cols=192
081F8700 08228D00 font1bpp    fonts/kanji_12x12.png      h=12 bits=16 cols=192
08228D00 08229500 font1bpp    fonts/latin_8x8.png        h=8 bits=8 cols=16
08229500 08229F00 font1bpp    fonts/latin_8x10.png       h=10 bits=8 cols=16
08229F00 0822AB00 font1bpp    fonts/latin_8x12.png       h=12 bits=8 cols=16
0822AB00 0822BB00 font1bpp    fonts/latin_8x16.png       h=16 bits=8 cols=16
0822BB00 0822C300 font1bpp    fonts/latin_8x8_bold.png   h=8 bits=8 cols=16
0822C300 0822C320 palette     gfx/system.pal
0822C320 0822C720 tiles4bpp   gfx/system_tiles.png       cols=16 pal=0822C300

# Per-card block, indexed by card ID 0-820 (wiki/data/card-table.md).
0822C720 08239460 strings     cards/names.json           size=0x40
08239460 082461A0 zero        cards/unused_name_bank
082461A0 082A6500 strings     cards/descriptions.json    size=0x1E0
082A6500 08621DE0 card_art    cards/art
08621DE0 08622AB4 card_stats  cards/stats.csv
08622AB4 08623120 u16         cards/id_to_number.json
08623120 08623DF4 bin         cards/passwords
08623DF4 08624DF4 u16         cards/number_to_id.json
08624DF4 08625460 u16         cards/sort_keys.json

# Graphics (wiki/data/graphics-formats.md).
08625460 08636288 bin         gfx/card_frames
08636288 0870C640 bin         gfx/bank_a
0870C640 0871B650 bin         gfx/scene_sets_0_4
0871B650 0871CE50 bin         gfx/small_graphics
0871CE50 0874C650 bin         gfx/mode4_bitmaps
0874C650 0874E324 bin         gfx/dialogue_box
0874E324 087BDAA8 bin         gfx/scene_sets_5_30
087BDAA8 087F8568 bin         gfx/bank_b
087F8568 08800000 zero        padding_end
