# table	entries	referenced_by	members (in order; NULL = 0)
0x08087FC0	4	-	ReadSram_Core,ReadSram,VerifySram_Core,VerifySram
0x0813ADD4	7	CB_Bustup,CB_AutoBustup	Bustup_Init,Bustup_LoadScene,Bustup_Update,NULL,Bustup_UnusedOpponentPreview,NULL,Bustup_ChangeSpeaker
0x08198338	4	CB_Calendar	Calendar_Init,Calendar_FadeIn,Calendar_HandleInput,Calendar_FadeOut
0x08198380	10	OpponentSelect_Run	OpponentSelect_Init,OpponentSelect_FadeIn,OpponentSelect_HandleInput,OpponentSelect_FadeOut,NULL,OpponentSelect_PrevPage,OpponentSelect_NextPage,NULL,OpponentSelect_FadeOut,OpponentSelect_ExitToMainMenu
0x081984D8	11	MainMenu_Launch	CB_Campaign,CB_LinkBattle,CB_DeckEdit,CB_Record,CB_Calendar,CB_CardTrading,CB_Password,MainMenu_Init,MainMenu_FadeIn,MainMenu_HandleInput,MainMenu_Launch
0x08198588	5	CB_Record	Record_Init,Record_LoadGfx,Record_FadeIn,Record_HandleInput,Record_FadeOut
0x0819879C	4	CB_License	License_InitVideo,License_ShowNintendoNotice,License_ShowKonamiLogo,License_ShowKcejLogo
0x081988B0	7	CB_Title	Title_Init,Title_Setup,Title_FadeIn,Title_HandleInput,Title_FadeOut,Title_ConfirmDeleteSave,Title_StartGame
0x08198D50	5	CB_DebugCardDetail	DebugCardDetail_Init,DebugCardDetail_Browse,NULL,DebugCardDetail_Init,DebugAutoDetail_Cycle
0x08198E7C	40	CB_LinkBattle	LinkBattle_Init,LinkBattle_DecideTurnOrder,LinkBattle_Connect,DuelMainStep,LinkBattle_Finish,NULL,LinkBattle_ShowLinkError,LinkBattle_RunErrorDialogue,LinkBattle_ErrorShutdown,NULL,LinkBattle_DeckTooSmall,NULL,Campaign_StartDay,Campaign_SelectOpponent,Campaign_DecideTurnOrder,Campaign_SetupDuel,DuelMainStep,Campaign_ShowDuelResult,Campaign_GiveRewards,Campaign_DeliverMagazines,Campaign_AdvanceDay,NULL,Campaign_DeckTooSmall,NULL,DuelPhase_TurnStart,DuelPhase_Draw,DuelPhase_Standby,AiRunStep,DuelPhase_End,DuelPhase_TurnEnd,NULL,CoinToss_Run,ExodiaScene_Run,DiceScreen_RunGraceful,DuelScene_SkullDice,DiceScreen_RunPlain,DestinyBoardScene_Run,NULL,DuelScene_FadeOutDuelScreen,DuelScene_RunHandler
0x08198F80	14	DuelMainStep	DuelPhase_Init,DuelPhase_Opening,DuelPhase_TurnStart,DuelPhase_Draw,DuelPhase_Standby,DuelPhase_Main,DuelPhase_End,DuelPhase_TurnEnd,DuelPhase_OpponentTurn,DuelPhase_ShowResult,NULL,CoinToss_Init,CoinToss_Load,CoinToss_Update
0x08199A10	5	DiceScreen_Update	DiceScreen_CharacterEnter,DiceScreen_HoldDie,DiceScreen_ThrowDie,DiceScreen_ThrowDie,DiceScreen_RollToResult
0x08199A2C	22	-	DiceScreen_HoldDie,DiceScreen_ThrowDie,DiceScreen_ThrowDie,DiceScreen_RollToResult,NULL,DiceScreen_PrepareRoll,DiceScreen_Init,DiceScreen_SetupSkullDice,DiceScreen_LoadGraphics,DiceScreen_Update,NULL,DiceScreen_PrepareRoll,DiceScreen_Init,DiceScreen_SetupGracefulDice,DiceScreen_LoadGraphics,DiceScreen_Update,NULL,DiceScreen_PrepareRoll,DiceScreen_Init,DiceScreen_SetupPlainDie,DiceScreen_LoadGraphics,DiceScreen_Update
0x08199DA4	9	ExodiaScene_Run	ExodiaScene_Init,ExodiaScene_LoadEye,ExodiaScene_FadeInEye,ExodiaScene_AssemblePieces,ExodiaScene_GatherPieces,ExodiaScene_LoadFlames,ExodiaScene_FadeInFlames,ExodiaScene_BlendFlames,ExodiaScene_Finale
0x08199DFC	4	DestinyBoardScene_Run	DestinyBoardScene_Init,DestinyBoardScene_Load,DestinyBoardScene_Update,DestinyBoardScene_DisableHBlank
0x0819A6B0	39	TurnOrder_RpsMain	TurnOrder_ChooseHand,TurnOrder_ShowResult,TurnOrder_ChooseTurn,TurnOrder_AnimateTurnChoice,TurnOrder_ShowDuelLogo,TurnOrder_FlashWhite,TurnOrder_FadeOutAndSetFirstPlayer,NULL,TurnOrder_ChooseHand,TurnOrder_ShowResult,TurnOrder_ChooseTurn,TurnOrder_ShowChoice,TurnOrder_AnimateTurnChoice,TurnOrder_ShowDuelLogo,TurnOrder_FlashWhite,TurnOrder_FadeOutAndSetFirstPlayer,NULL,TurnOrder_ChooseHand,TurnOrder_ShowResult,TurnOrder_ChooseTurn,TurnOrder_ShowChoice,TurnOrder_AnimateTurnChoice,TurnOrder_ShowDuelLogo,TurnOrder_FlashWhite,TurnOrder_FadeOutAndSetFirstPlayer,NULL,TurnOrder_Init,TurnOrder_Load,TurnOrder_NopStep,TurnOrder_RpsMain,NULL,TurnOrder_InitChoice,TurnOrder_Load,TurnOrder_ChoiceMain,NULL,TurnOrder_InitChoice,TurnOrder_CpuChooseTurn,TurnOrder_Load,TurnOrder_ChoiceMain
0x0819A7B8	3	CardListView_Run	CardListView_InitScreen,CardListView_HandleInput,CardListView_Exit
0x0819AA68	5	-	EffectEquipResolve,EffectEquipTargetCheck,EffectCocoonOfEvolutionPrepare,NULL,EffectEquipTargetChainB
0x0819B080	5	-	EffectMonsterEyeResolve,NULL,EffectMonsterEyePrepare,EffectPayLifePointsChainA,EffectCardListTargetChainB
0x0819B098	5	-	EffectBlastJugglerResolve,EffectBlastJugglerCheck,EffectBlastJugglerPrepare,NULL,EffectBlastJugglerChainB
0x0819B0B0	4	-	EffectCyberSteinResolve,NULL,EffectCyberSteinPrepare,EffectPayLifePointsChainA
0x0819B1A0	4	-	EffectCyberSteinResolve,NULL,EffectCyberSteinPrepare,EffectPayLifePointsChainA
0x0819B230	5	-	EffectPatrolRoboResolve,EffectPatrolRoboCheck,EffectPatrolRoboPrepare,NULL,EffectPatrolRoboChainB
0x0819B260	5	-	EffectGreenkappaResolve,NULL,EffectGreenkappaPrepare,NULL,EffectGreenkappaChainB
0x0819B2D8	5	-	EffectKunaiWithChainResolve,NULL,EffectKunaiWithChainPrepare,NULL,EffectKunaiWithChainChainB
0x0819B398	4	-	EffectCrushCardResolve,NULL,EffectCrushCardPrepare,EffectCrushCardChainA
0x0819B638	5	-	EffectRelinquishedResolve,EffectOpponentMonsterCheck,EffectRelinquishedPrepare,NULL,EffectOpponentMonsterChainB
0x0819B650	4	-	EffectJigenBakudanResolve,NULL,EffectJigenBakudanPrepare,EffectJigenBakudanChainA
0x0819B668	5	-	EffectBarrelDragonResolve,EffectOpponentMonsterCheck,EffectOncePerTurnPrepare,NULL,EffectOpponentMonsterChainB
0x0819B6B0	4	-	EffectValkyrionTheMagnaWarriorResolve,NULL,EffectValkyrionTheMagnaWarriorPrepare,EffectTributeSelfChainA
0x0819B6E0	5	-	EffectMagicalHatsResolve,NULL,EffectAttackResponsePrepare,NULL,EffectOwnMonsterTargetChainB
0x0819B710	4	-	EffectNopResolve,NULL,EffectToonWorldPrepare,EffectToonWorldChainA
0x0819B800	5	-	EffectMagicArmShieldResolve,EffectMagicArmShieldCheck,EffectAttackResponsePrepare,NULL,EffectMagicArmShieldChainB
0x0819B878	5	-	EffectTwoProngedAttackResolve,NULL,EffectTwoProngedAttackPrepare,NULL,EffectTwoProngedAttackChainB
0x0819B8C0	5	-	EffectMonsterRebornResolve,NULL,EffectMonsterRebornPrepare,NULL,EffectCardListTargetChainB
0x0819B998	4	-	EffectUltimateOfferingResolve,NULL,EffectUltimateOfferingPrepare,EffectPayLifePointsChainA
0x0819BA10	5	-	EffectDestroyTargetResolve,EffectTargetableMonsterCheck,EffectTributeToTheDoomedPrepare,EffectDiscardCostChainA,EffectTargetableMonsterChainB
0x0819BA70	5	-	EffectChangeOfHeartResolve,EffectOpponentMonsterCheck,EffectChangeOfHeartPrepare,NULL,EffectTakeControlChainB
0x0819BA88	4	-	EffectSolemnJudgmentResolve,NULL,EffectSolemnJudgmentPrepare,EffectPayLifePointsChainA
0x0819BAA0	4	-	EffectNegateChainedCardResolve,NULL,EffectMagicJammerPrepare,EffectDiscardCostChainA
0x0819BAB8	4	-	EffectNegateChainedCardResolve,NULL,EffectSevenToolsOfTheBanditPrepare,EffectPayLifePointsChainA
0x0819BAD0	4	-	EffectHornOfHeavenResolve,NULL,EffectHornOfHeavenPrepare,EffectTributeChosenMonsterChainA
0x0819BCC8	4	-	EffectShareThePainResolve,NULL,EffectShareThePainPrepare,EffectTributeChosenMonsterChainA
0x0819BD88	4	-	EffectFinalDestinyResolve,NULL,EffectFinalDestinyPrepare,EffectDiscardCostChainA
0x0819BDD0	4	-	EffectConfiscationResolve,NULL,EffectOpponentHasHandPrepare,EffectPayLifePointsChainA
0x0819BDE8	4	-	EffectDelinquentDuoResolve,NULL,EffectOpponentHasHandPrepare,EffectPayLifePointsChainA
0x0819BE00	5	-	EffectDarknessApproachesResolve,EffectDarknessApproachesCheck,EffectDarknessApproachesPrepare,EffectDiscardCostChainA,EffectDarknessApproachesChainB
0x0819BE18	5	-	EffectFairysHandMirrorResolve,NULL,EffectFairysHandMirrorPrepare,NULL,EffectRedirectTargetChainB
0x0819BF20	5	-	EffectGraverobberResolve,NULL,EffectGraverobberPrepare,NULL,EffectCardListTargetChainB
0x0819BF80	5	-	EffectReviveFromGraveyardResolve,NULL,EffectCallOfTheHauntedPrepare,NULL,EffectCardListTargetChainB
0x0819BFB0	5	-	EffectEarthshakerResolve,NULL,EffectEarthshakerPrepare,NULL,EffectEarthshakerChainB
0x0819C1D8	5	-	EffectDestroyTargetResolve,EffectAnySpellTrapCheck,EffectEventResponsePrepare,NULL,EffectSpellTrapTargetChainB
0x0819C1F0	5	-	EffectDestroyTargetResolve,EffectAnySpellTrapCheck,EffectEventResponsePrepare,NULL,EffectSpellTrapTargetChainB
0x0819C3B8	5	-	EffectReviveFromGraveyardResolve,NULL,EffectPrematureBurialPrepare,EffectPayLifePointsChainA,EffectCardListTargetChainB
0x0819C478	5	-	EffectRiryokuResolve,EffectTargetableFaceUpMonsterCheck,EffectRiryokuPrepare,NULL,EffectRiryokuChainB
0x0819C4A8	4	-	EffectSealOfTheAncientsResolve,NULL,EffectSealOfTheAncientsPrepare,EffectPayLifePointsChainA
0x0819C508	5	-	EffectDestroyTargetResolve,EffectTargetableMonsterCheck,EffectDarkMagicianOnFieldPrepare,NULL,EffectTargetableMonsterChainB
0x0819C520	4	-	EffectSummonDarkMagicianFromDeckResolve,NULL,EffectDarkMagicianInDeckPrepare,EffectPayHalfLifePointsChainA
0x0819C538	5	-	EffectDestroyAndGiveMonsterResolve,EffectTargetableMonsterCheck,EffectBothPlayersHaveMonsterPrepare,NULL,EffectDestroyAndGiveMonsterChainB
0x0819C568	5	-	EffectTributeOpponentMonsterResolve,EffectTargetableMonsterCheck,EffectCanTributeOpponentMonsterPrepare,EffectSkipBattlePhaseChainA,EffectTributeOpponentMonsterChainB
0x0819C5B0	4	-	EffectSummonTokensInFreeZonesResolve,NULL,EffectFaceUpKuribohPrepare,EffectTributeKuribohChainA
0x0819C5E0	5	-	EffectMonsterRebornResolve,NULL,EffectMonsterRebornPrepare,NULL,EffectCardListTargetChainB
0x0819C688	5	-	EffectDestroyWeakerDefenseResolve,EffectOwnSkullOrThunderCheck,EffectMainPhase1Prepare,EffectSkipBattlePhaseChainA,EffectOwnSkullOrThunderChainB
0x0819C748	5	-	EffectDestroyTargetResolve,EffectTargetableMonsterCheck,EffectEventResponsePrepare,NULL,EffectTargetableMonsterChainB
0x0819C868	5	-	EffectReturnMonsterAndRedrawResolve,EffectTargetableOwnMonsterCheck,EffectOwnMonsterAndHandCardPrepare,NULL,EffectOwnMonsterTargetChainB
0x0819C880	5	-	EffectRedirectTargetResolve,NULL,EffectCanRedirectTargetPrepare,NULL,EffectRedirectTargetChainB
0x0819C8C8	5	-	EffectBlockTwoMonsterZonesResolve,NULL,EffectTwoFreeMonsterZonesPrepare,NULL,EffectBlockMonsterZonesChainB
0x0819C928	4	-	EffectDiscardMagicDamageResolve,NULL,EffectMagicCardInHandPrepare,EffectDiscardMagicCardChainA
0x0819CB68	5	-	EffectRecoverGraveMonsterResolve,NULL,EffectHandMonsterAndGraveTargetPrepare,NULL,EffectDiscardHandCardChainB
0x0819CC10	5	-	EffectRedirectAttackResolve,NULL,EffectRedirectAttackPrepare,NULL,EffectRedirectAttackChainB
0x0819CC40	4	-	EffectRecoverGraveMonsterResolve,NULL,EffectTributeRecoverGraveMonsterPrepare,EffectTributeSelfChainA
0x0819CC70	5	-	EffectTributeTwoMonstersResolve,NULL,EffectTributeTwoMonstersPrepare,NULL,EffectTributeTwoMonstersChainB
0x0819CC88	4	-	EffectRecoverGraveMonsterResolve,NULL,EffectTributeRecoverGraveMonsterPrepare,EffectTributeSelfChainA
0x0819CCB8	4	-	EffectDamageOpponent800Resolve,NULL,EffectHasTwoHandCardsPrepare,EffectBanishRandomHandCardsChainA
0x0819CD00	4	-	EffectTributeRecoverGraveMagicResolve,NULL,EffectTributeRecoverGraveMagicPrepare,EffectTributeSelfChainA
0x0819CD30	5	-	EffectTributeTwoMonstersResolve,NULL,EffectTributeTwoMonstersPrepare,NULL,EffectTributeTwoMonstersChainB
0x0819CD48	4	-	EffectRecoverGraveMonsterResolve,NULL,EffectTributeRecoverGraveMonsterPrepare,EffectTributeSelfChainA
0x0819CDF0	4	-	EffectDestroySpecialSummonedResolve,EffectSpecialSummonedMonsterCheck,EffectHasHandCardPrepare,EffectDiscardRandomHandCardChainA
0x0819CEE0	5	-	EffectReturnTwoCardsToHandResolve,NULL,EffectTwoSpellTrapsOnFieldPrepare,NULL,EffectReturnTwoSpellTrapsChainB
0x0819CF58	5	-	EffectMoveAllEquipsResolve,NULL,EffectMoveEquipPrepare,NULL,EffectTargetableFaceUpMonsterChainB
0x0819CF88	5	-	EffectSwitchAttackerResolve,NULL,EffectSwitchAttackerPrepare,NULL,EffectSwitchAttackerChainB
0x0819CFD0	5	-	EffectBanishGraveToDestroyResolve,NULL,EffectBanishGraveToDestroyPrepare,NULL,EffectBanishGraveToDestroyChainB
0x0819D1D8	14	BattlePhase_Run	BattleStage_Start,BattleStage_SelectAttacker,BattleStage_SelectTarget,BattleStage_DeclareAttack,BattleStage_PayAttackCosts,BattleStage_RespondToAttack,BattleStage_RevealDefender,BattleStage_DamageCalc,BattleStage_InflictDamage,BattleStage_TriggerFlipEffect,BattleStage_DestroyMonsters,BattleStage_EndAttack,BattleStage_EndBattlePhase,BattleStage_Cleanup
0x0819DD6C	9	AiRunStep	AiStepStartMainPhase,AiStepPlaySimpleSpells,AiStepMainPhase,AiStepChangePositions,AiStepBattle,AiStepMainPhase,AiStepSetSpellTraps,NULL,AiStepRunStrategy
0x081A572C	10	CB_GetPack,GetRewardPack	GetPack_SelectAndGenerate,GetPack_InitScene,GetPack_FadeIn,GetPack_RevealCards,GetPack_HandleInput,GetPack_FadeOutAndAddCards,NULL,GetPack_ShowCardDetail,GetPack_RestoreScene,GetPack_FadeInAndResume
0x081A723C	77	DeckEdit_RunListFilter,ProhibitCardSelect_RunListFilter	ListFilter_Reset,ListFilter_Init,ListFilter_Update,NULL,DeckStats_ClearState,DeckStats_Init,DeckStats_Update,NULL,DeckEdit_Init,DeckEdit_EnterListView,DeckEdit_Update,DeckEdit_SwitchScreen,NULL,DeckEdit_RunListFilter,DeckEdit_ResetListView,DeckEdit_SwitchScreen,NULL,DeckEdit_RunStatistics,DeckEdit_ResetListView,DeckEdit_SwitchScreen,NULL,CardDetail_Run,DeckEdit_ResetListView,DeckEdit_SwitchScreen,NULL,SideDeckSwap_Init,SideDeckSwap_EnterListView,SideDeckSwap_Update,DeckEdit_SwitchScreen,NULL,DeckEdit_RunListFilter,DeckEdit_ResetListView,DeckEdit_SwitchScreen,NULL,DeckEdit_RunStatistics,DeckEdit_ResetListView,DeckEdit_SwitchScreen,NULL,CardDetail_Run,DeckEdit_ResetListView,DeckEdit_SwitchScreen,NULL,TradeCardSelect_Init,DeckEdit_EnterListView,TradeCardSelect_Update,TradeCardSelect_SwitchScreen,NULL,DeckEdit_RunListFilter,DeckEdit_ResetListView,TradeCardSelect_SwitchScreen,NULL,DeckEdit_RunStatistics,DeckEdit_ResetListView,TradeCardSelect_SwitchScreen,NULL,CardDetail_Run,DeckEdit_ResetListView,TradeCardSelect_SwitchScreen,NULL,CB_Bustup,NULL,ProhibitCardSelect_Init,ProhibitCardSelect_InitListView,ProhibitCardSelect_Update,ProhibitCardSelect_SwitchScreen,NULL,ProhibitCardSelect_RunListFilter,DeckEdit_ResetListView,ProhibitCardSelect_SwitchScreen,NULL,DeckEdit_RunStatistics,DeckEdit_ResetListView,ProhibitCardSelect_SwitchScreen,NULL,CardDetail_Run,DeckEdit_ResetListView,ProhibitCardSelect_SwitchScreen
0x081A768C	4	CB_DebugMenu	DebugMenu_Init,DebugMenu_DrawAndFadeIn,DebugMenu_HandleInput,DebugMenu_Launch
0x081A7970	29	CB_Password	Password_InitVideo,Password_InitState,Password_FadeIn,Password_HandleInput,Password_RollAndCheck,Password_RevealAndGiveCard,NULL,Password_ShowError,Password_FadeOut,NULL,Password_ShowUsed,Password_FadeOut,NULL,CardTrading_ClearState,CardTrading_InitVideo,CardTrading_FadeIn,CardTrading_HandleInput,CardTrading_FadeOut,NULL,CardTrading_FadeOut,CardTrading_SelectCard,CardTrading_ThrowCard,CardTrading_Exchange,CardTrading_ReverseThrow,CardTrading_FadeOut,CardTrading_ShowReceivedCard,NULL,CardTrading_ReverseThrow,CardTrading_FadeOut
